file_id,call_id,hier_best_k,parent_cluster,subcluster,subcluster_label,day,partition_color,potential9,PC1,PC2,PC3
test1_2023-09-26_12-55-16,test1_2023-09-26_12-55-16__call_001,0,0,1,R48_C1_S1,2023-09-26,0,P03,4.6814881107889,1.4399459424079863,-1.3150308177020251
test1_2023-09-26_12-55-16,test1_2023-09-26_12-55-16__call_002,0,0,0,R48_C1_S0,2023-09-26,0,P01,2.2277550560886925,3.190164222942839,0.333883153907643
test1_2023-09-26_13-29-33,test1_2023-09-26_13-29-33__call_001,0,0,1,R48_C1_S1,2023-09-26,0,P03,6.718429803046591,1.6231481369131124,-0.2169435506951247
test1_2023-09-26_13-29-33,test1_2023-09-26_13-29-33__call_002,0,0,0,R48_C1_S0,2023-09-26,0,P01,1.7177392555912885,3.501964850781104,-2.323964336306695
test1_2023-09-27_12-40-15.1,test1_2023-09-27_12-40-15.1__call_003,0,0,1,R48_C1_S1,2023-09-27,0,P03,5.283571849946398,2.898195110406609,1.0026210975729923
test1_2023-09-27_12-40-15.2,test1_2023-09-27_12-40-15.2__call_003,0,0,0,R48_C1_S0,2023-09-27,0,P01,0.0050036310187493,-2.240299891036658,-0.8216545627287344
test1_2023-09-27_12-40-15.2,test1_2023-09-27_12-40-15.2__call_004,0,0,0,R48_C1_S0,2023-09-27,0,P01,-0.2567035373590078,-0.2137767999598038,0.1662891025787123
test1_2023-09-27_12-40-15.2,test1_2023-09-27_12-40-15.2__call_005,0,0,0,R48_C1_S0,2023-09-27,0,P01,1.519672585060108,-0.2709840604212549,-0.0108415487026635
test1_2023-09-27_12-40-15.2,test1_2023-09-27_12-40-15.2__call_006,0,0,0,R48_C1_S0,2023-09-27,0,P01,1.151369017822188,-1.9665978658793448,1.5097655204765568
test1_2023-09-27_13-38-37,test1_2023-09-27_13-38-37__call_001,0,0,1,R48_C1_S1,2023-09-27,0,P03,7.370753710647593,1.7767267943153089,-1.8680866252384332
test1_2023-09-27_13-38-37,test1_2023-09-27_13-38-37__call_002,0,0,0,R48_C1_S0,2023-09-27,0,P01,-1.2204473945304093,5.4409701352501765,-2.6628599229768644
test1_2023-09-27_13-38-37,test1_2023-09-27_13-38-37__call_003,0,0,0,R48_C1_S0,2023-09-27,0,P01,1.7969167528160606,2.775124319778162,-2.167721891020244
test1_2023-09-27_13-41-07,test1_2023-09-27_13-41-07__call_001,0,0,1,R48_C1_S1,2023-09-27,0,P03,6.459285737149039,0.7976752198031897,-0.6830820426001529
test1_2023-09-27_13-41-07,test1_2023-09-27_13-41-07__call_002,0,0,0,R48_C1_S0,2023-09-27,0,P01,0.6182968894232637,2.7644898559785243,-1.9095258839275109
test1_2023-09-27_13-41-07,test1_2023-09-27_13-41-07__call_003,0,0,1,R48_C1_S1,2023-09-27,0,P03,4.076654867400849,0.1523574737952579,1.84891606516284
test1_2023-09-27_13-41-07,test1_2023-09-27_13-41-07__call_004,0,0,1,R48_C1_S1,2023-09-27,0,P03,5.162686210778675,1.7184389587776845,2.403787510417812
test1_2023-09-30_17-36-08,test1_2023-09-30_17-36-08__call_003,0,0,2,R48_C1_S2,2023-09-30,0,P05,0.544465276984807,-5.171790705313428,0.7399741935291904
test1_2023-09-30_17-36-20,test1_2023-09-30_17-36-20__call_002,0,0,2,R48_C1_S2,2023-09-30,0,P05,1.5873983536172172,-5.779375948004341,-3.886567118944417
test1_2023-09-30_17-36-20,test1_2023-09-30_17-36-20__call_003,0,0,2,R48_C1_S2,2023-09-30,0,P05,1.2397493910862734,-6.667190648870633,-2.4979460670051217
test1_2023-09-30_17-36-20,test1_2023-09-30_17-36-20__call_004,0,0,1,R48_C1_S1,2023-09-30,0,P03,4.808252786255061,-0.690941860343908,0.5485631961273241
test1_2023-09-30_18-09-51,test1_2023-09-30_18-09-51__call_001,0,0,1,R48_C1_S1,2023-09-30,0,P03,4.521137505832523,-1.1494345440754152,1.2968667513857015
test1_2023-10-03_17-46-04,test1_2023-10-03_17-46-04__call_001,0,0,2,R48_C1_S2,2023-10-03,1,P06,0.2311475298525141,-3.780757286530648,-1.0295184663364316
test1_2023-10-03_17-46-04,test1_2023-10-03_17-46-04__call_002,0,0,2,R48_C1_S2,2023-10-03,1,P06,0.8052063123649473,-4.110824335652815,-1.239428037955235
test1_2023-10-03_17-46-13,test1_2023-10-03_17-46-13__call_002,0,0,2,R48_C1_S2,2023-10-03,1,P06,2.215178193455488,-3.415957672478916,-1.3451254496650276
test1_2023-10-03_17-46-13,test1_2023-10-03_17-46-13__call_003,0,0,0,R48_C1_S0,2023-10-03,1,P02,1.7967219046191554,-1.0422022166366551,0.049008692284627
test1_2023-10-05_15-37-51,test1_2023-10-05_15-37-51__call_002,0,0,0,R48_C1_S0,2023-10-05,1,P02,0.4439291972675602,0.6558076894219573,2.06991947886889
test1_2023-10-05_15-37-51,test1_2023-10-05_15-37-51__call_003,0,0,0,R48_C1_S0,2023-10-05,1,P02,-1.3399568501882555,0.8074706253500451,2.6037318735989885
test1_2023-10-05_15-38-05.2,test1_2023-10-05_15-38-05.2__call_001,0,0,2,R48_C1_S2,2023-10-05,1,P06,0.1294638627773282,-2.2782365537862743,-0.365302648685561
test1_2023-10-05_15-38-13,test1_2023-10-05_15-38-13__call_001,0,0,2,R48_C1_S2,2023-10-05,1,P06,0.5366238940972967,-2.3562029510765554,-1.2967261643496304
test1_2023-10-05_15-38-42,test1_2023-10-05_15-38-42__call_001,0,0,0,R48_C1_S0,2023-10-05,1,P02,-0.0404524422350758,0.2720284397637127,-0.3580483209189118
test1_2023-10-05_16-59-53,test1_2023-10-05_16-59-53__call_002,0,0,1,R48_C1_S1,2023-10-05,1,P04,7.243316994161363,0.0756175263488905,3.054201312836736
test1_2023-10-06_15-45-03,test1_2023-10-06_15-45-03__call_001,0,0,0,R48_C1_S0,2023-10-06,1,P02,1.7011685256819906,3.764323859402976,0.5407376285484384
test1_2023-10-06_15-45-03,test1_2023-10-06_15-45-03__call_002,0,0,0,R48_C1_S0,2023-10-06,1,P02,-0.2091379629063751,2.1211116859872843,-0.5216357159536152
test1_2023-10-06_15-45-03,test1_2023-10-06_15-45-03__call_003,0,0,1,R48_C1_S1,2023-10-06,1,P04,4.449747598663159,2.459699078499392,1.3728151422694248
test1_2023-09-27_12-40-15.1,test1_2023-09-27_12-40-15.1__call_001,1,1,0,R48_C2_S0,2023-09-27,0,P07,-6.884451994454311,3.5498910596052604,-4.213502691905992
test1_2023-09-27_12-40-15.1,test1_2023-09-27_12-40-15.1__call_002,1,1,0,R48_C2_S0,2023-09-27,0,P07,-2.593537937400424,0.5905729021235488,0.067745513867549
test1_2023-09-27_12-40-15.2,test1_2023-09-27_12-40-15.2__call_001,1,1,0,R48_C2_S0,2023-09-27,0,P07,-2.6170112023630887,1.291577175092605,-2.7971786538620984
test1_2023-09-27_12-40-15.2,test1_2023-09-27_12-40-15.2__call_002,1,1,0,R48_C2_S0,2023-09-27,0,P07,-4.338816856131015,1.8361236474480969,-1.5729326700063762
test1_2023-09-27_12-40-15.2,test1_2023-09-27_12-40-15.2__call_007,1,1,1,R48_C2_S1,2023-09-27,0,P09,-7.44296979072267,2.061169478687903,-0.7181443545486689
test1_2023-09-30_17-36-08,test1_2023-09-30_17-36-08__call_001,1,1,0,R48_C2_S0,2023-09-30,0,P07,-2.59706393603687,-0.3580249263404287,0.8695122482830823
test1_2023-09-30_17-36-08,test1_2023-09-30_17-36-08__call_002,1,1,0,R48_C2_S0,2023-09-30,0,P07,-2.266083065887165,-1.5303103426827998,4.711669579997666
test1_2023-09-30_17-36-08,test1_2023-09-30_17-36-08__call_004,1,1,1,R48_C2_S1,2023-09-30,0,P09,-7.378738415346321,1.95945750727264,3.258155797631484
test1_2023-09-30_17-36-20,test1_2023-09-30_17-36-20__call_001,1,1,0,R48_C2_S0,2023-09-30,0,P07,-3.8092263612107296,-0.1824575389477146,-1.1946464829473251
test1_2023-09-30_18-09-51,test1_2023-09-30_18-09-51__call_002,1,1,0,R48_C2_S0,2023-09-30,0,P07,-2.354147949810981,0.684925362897193,1.861436980079964
test1_2023-10-03_17-46-13,test1_2023-10-03_17-46-13__call_001,1,1,0,R48_C2_S0,2023-10-03,1,P08,-2.5784253477014807,-1.5550530270846428,-2.063768315633234
test1_2023-10-05_15-37-51,test1_2023-10-05_15-37-51__call_001,1,1,0,R48_C2_S0,2023-10-05,1,P08,-3.0632519105343805,0.3641751786787581,-1.156187450694958
test1_2023-10-05_15-37-51,test1_2023-10-05_15-37-51__call_004,1,1,0,R48_C2_S0,2023-10-05,1,P08,-3.5343981926904773,0.1361716133627247,5.403667254907916
test1_2023-10-05_15-38-05.1,test1_2023-10-05_15-38-05.1__call_001,1,1,0,R48_C2_S0,2023-10-05,1,P08,-2.621716856221025,-1.050615838607618,-1.5151253711486017
test1_2023-10-05_15-38-05.2,test1_2023-10-05_15-38-05.2__call_002,1,1,0,R48_C2_S0,2023-10-05,1,P08,-4.127198883085978,-0.4234137990877198,2.0846616282153034
test1_2023-10-05_15-38-42,test1_2023-10-05_15-38-42__call_002,1,1,0,R48_C2_S0,2023-10-05,1,P08,-2.5467773565537213,-1.0386576020573282,-0.620593201249799
test1_2023-10-05_15-38-52.1,test1_2023-10-05_15-38-52.1__call_001,1,1,0,R48_C2_S0,2023-10-05,1,P08,-5.527308003362558,-0.1256895360644182,1.314098417094109
test1_2023-10-05_15-38-52.1,test1_2023-10-05_15-38-52.1__call_002,1,1,0,R48_C2_S0,2023-10-05,1,P08,-2.694447001579662,-3.3066678030758547,2.8066220812617715
test1_2023-10-05_15-38-52.2,test1_2023-10-05_15-38-52.2__call_001,1,1,0,R48_C2_S0,2023-10-05,1,P08,-4.006864366513933,0.5208013187772732,1.358327905265171
test1_2023-10-05_16-59-53,test1_2023-10-05_16-59-53__call_001,1,1,0,R48_C2_S0,2023-10-05,1,P08,-4.993997189469156,-0.5246614158550272,-0.9048897624604512
